{
    "vertices": [0,2.64133,-0,0,1.21032,-0.492441,0,2.64133,-0.510411,0.289449,1.21032,-0.398393,0.300012,2.64133,-0.412931,0.468339,1.21032,-0.152173,0.485429,2.64133,-0.157726,0.468339,1.21032,0.152172,0.485429,2.64133,0.157725,0.289449,1.21032,0.398393,0.300012,2.64133,0.412931,-0,1.21032,0.492441,-0,2.64133,0.51041,-0.289449,1.21032,0.398393,-0.300012,2.64133,0.412931,-0.468339,1.21032,0.152173,-0.485429,2.64133,0.157725,-0.468339,1.21032,-0.152173,-0.485429,2.64133,-0.157726,-0.289449,1.21032,-0.398393,-0.300012,2.64133,-0.412931,0,2.49254,-0.715501,0.420561,2.49254,-0.578852,0.680482,2.49254,-0.221102,0.680482,2.49254,0.221102,0.420561,2.49254,0.578852,-0,2.49254,0.715501,-0.420561,2.49254,0.578852,-0.680482,2.49254,0.221102,-0.680482,2.49254,-0.221102,-0.42056,2.49254,-0.578853,0.687614,1.1765,-0.946419,1.11258,1.1765,-0.3615,1.11258,1.1765,0.3615,0.687614,1.1765,0.946419,-0,1.1765,1.16984,-0.687614,1.1765,0.946419,-1.11258,1.1765,0.3615,-1.11258,1.1765,-0.3615,-0.687614,1.1765,-0.94642,-0,1.1765,-1.16984,-0,1.67807,-1.26277,0.742238,1.67807,-1.0216,1.20097,1.67807,-0.390218,1.20097,1.67807,0.390218,0.742238,1.67807,1.0216,-0,1.67807,1.26277,-0.742238,1.67807,1.0216,-1.20097,1.67807,0.390218,-1.20097,1.67807,-0.390218,-0.742238,1.67807,-1.0216,0.289449,0.025647,-0.398393,0,0.025647,-0,0,0.025647,-0.492441,0.468339,0.025647,-0.152173,0.468339,0.025647,0.152173,0.289449,0.025647,0.398393,-0,0.025647,0.492441,-0.289449,0.025647,0.398393,-0.468339,0.025647,0.152173,-0.468339,0.025647,-0.152173,-0.289449,0.025647,-0.398393],
    "faces": [41,3,5,54,51,0,1,2,3,0,1,2,3,40,0,4,2,4,5,6,4,5,6,41,21,2,4,22,7,6,5,8,7,6,5,8,41,7,9,56,55,9,10,11,12,9,10,11,12,40,0,6,4,4,13,5,4,13,5,41,22,4,6,23,14,15,16,17,8,5,13,14,41,1,3,51,53,18,0,3,19,15,0,3,16,40,0,8,6,4,20,13,4,17,13,41,23,6,8,24,21,22,23,24,14,13,17,18,41,11,13,58,57,25,26,27,28,19,20,21,22,40,0,10,8,4,29,20,4,23,17,41,24,8,10,25,24,23,30,31,18,17,23,24,41,15,17,60,59,32,33,34,35,25,26,27,28,40,0,12,10,4,36,29,4,29,23,41,25,10,12,26,31,30,37,38,24,23,29,30,41,5,7,55,54,39,9,12,40,1,9,12,2,40,0,14,12,4,41,36,4,31,29,41,26,12,14,27,42,43,44,45,30,29,31,32,41,19,1,53,61,46,18,19,47,33,15,16,34,40,0,16,14,4,48,41,4,35,31,41,27,14,16,28,49,41,48,50,32,31,35,36,41,9,11,57,56,10,51,52,11,10,19,22,11,40,0,18,16,4,53,48,4,37,35,41,28,16,18,29,50,48,53,54,36,35,37,38,41,13,15,59,58,26,32,35,27,20,25,28,21,40,0,20,18,4,55,53,4,39,37,41,29,18,20,30,54,53,55,56,38,37,39,40,41,17,19,61,60,57,58,59,60,26,33,34,27,40,0,2,20,4,6,55,4,6,39,41,30,20,2,21,56,55,6,7,40,39,6,7,41,50,30,21,41,61,56,7,62,41,40,7,42,41,49,29,30,50,63,54,56,61,43,38,40,41,41,48,28,29,49,64,50,54,63,44,36,38,43,41,47,27,28,48,65,45,66,67,45,32,36,44,41,46,26,27,47,68,42,45,65,46,30,32,45,41,45,25,26,46,69,31,38,70,47,24,30,46,41,44,24,25,45,71,24,31,69,48,18,24,47,41,43,23,24,44,72,21,24,71,49,14,18,48,41,42,22,23,43,73,14,17,74,50,8,14,49,41,41,21,22,42,75,76,14,73,42,7,8,50,41,1,40,31,3,77,78,79,80,15,51,52,0,41,3,31,32,5,80,79,81,82,0,52,53,1,41,5,32,33,7,82,81,83,84,1,53,54,9,41,7,33,34,9,84,83,85,86,9,54,55,10,41,9,34,35,11,86,85,87,88,10,55,56,19,41,11,35,36,13,88,87,89,90,19,56,57,20,41,13,36,37,15,90,89,91,92,20,57,58,25,41,15,37,38,17,92,91,93,94,25,58,59,26,41,17,38,39,19,94,93,95,96,26,59,60,33,41,19,39,40,1,96,95,78,77,33,60,51,15,41,40,41,42,31,97,75,73,98,51,42,50,52,41,31,42,43,32,98,73,74,99,52,50,49,53,41,32,43,44,33,100,72,71,101,53,49,48,54,41,33,44,45,34,101,71,69,102,54,48,47,55,41,34,45,46,35,102,69,70,103,55,47,46,56,41,35,46,47,36,104,68,65,105,56,46,45,57,41,36,47,48,37,105,65,67,106,57,45,44,58,41,37,48,49,38,106,67,107,108,58,44,43,59,41,38,49,50,39,109,63,61,110,59,43,41,60,41,39,50,41,40,111,112,75,97,60,41,42,51,40,52,53,51,113,114,115,61,16,3,40,52,51,54,113,115,116,61,3,2,40,52,54,55,113,116,117,61,2,12,40,52,55,56,113,117,118,61,12,11,40,52,56,57,113,118,119,61,11,22,40,52,57,58,113,119,120,61,22,21,40,52,58,59,113,120,121,61,21,28,40,52,59,60,113,121,122,61,28,27,40,52,60,61,113,122,123,61,27,34,40,52,61,53,113,123,114,61,34,16],
    "name": "CylinderGeometry",
    "metadata": {
        "version": 3,
        "normals": 62,
        "faces": 70,
        "generator": "io_three",
        "type": "Geometry",
        "vertices": 62,
        "uvs": 1
    },
    "normals": [0.35081,-0.802332,-0.482833,0.567614,-0.802332,-0.184423,0.727805,-0.643696,-0.236457,0.449782,-0.643696,-0.619098,0,1,0,0.212897,0.932066,-0.293039,0,0.932066,-0.362224,0,0.677358,-0.735618,0.432386,0.677358,-0.595111,0.567614,-0.802332,0.184423,0.35081,-0.802332,0.482833,0.449782,-0.643696,0.619098,0.727805,-0.643696,0.236457,0.344493,0.932066,-0.111911,0.699606,0.677358,-0.227302,0,-0.802332,-0.59682,0,-0.643696,-0.765252,0.344493,0.932066,0.111911,0.699606,0.677358,0.227302,0,-0.802332,0.59682,-0.35081,-0.802332,0.482833,-0.449782,-0.643696,0.619098,0,-0.643696,0.765252,0.212897,0.932066,0.293039,0.432386,0.677358,0.595111,-0.567614,-0.802332,0.184423,-0.567614,-0.802332,-0.184423,-0.727805,-0.643696,-0.236457,-0.727805,-0.643696,0.236457,0,0.932066,0.362224,0,0.677358,0.735618,-0.212897,0.932066,0.293039,-0.432386,0.677358,0.595111,-0.35081,-0.802332,-0.482833,-0.449782,-0.643696,-0.619098,-0.344493,0.932066,0.111911,-0.699606,0.677358,0.227302,-0.344493,0.932066,-0.111911,-0.699606,0.677358,-0.227302,-0.212897,0.932066,-0.293039,-0.432386,0.677358,-0.595111,-0.577136,0.189428,-0.794366,0,0.189428,-0.981872,-0.933805,0.189428,-0.303415,-0.933805,0.189428,0.303415,-0.577136,0.189428,0.794366,0,0.189428,0.981872,0.577136,0.189428,0.794366,0.933805,0.189428,0.303415,0.933805,0.189428,-0.303415,0.577136,0.189428,-0.794366,0,-0.724876,-0.688864,0.404889,-0.724876,-0.557298,0.655141,-0.724876,-0.212867,0.655141,-0.724876,0.212867,0.404889,-0.724876,0.557298,0,-0.724876,0.688864,-0.404889,-0.724876,0.557298,-0.655141,-0.724876,0.212867,-0.655141,-0.724876,-0.212867,-0.404889,-0.724876,-0.557298,0,-0.999969,0],